{"cameraMode":{"drawMode":0,"name":"Shaded","section":"Shading Mode"},"sceneLighting":true,"audioPlay":false,"sceneViewState":{"showFog":true,"showMaterialUpdate":false,"showSkybox":true,"showFlares":true,"showImageEffects":true,"showParticleSystems":true},"in2DMode":false,"pivot":{"x":0.011949652805924416,"y":0.10054445266723633,"z":-0.5548256635665894},"rotation":{"x":0.7773071527481079,"y":-0.0037745831068605186,"z":0.004663895349949598,"w":0.6290905475616455},"size":4.93900203704834,"orthographic":false}